ticket,q1_scheduled,q2_pulled,q3_started,q4_ready,q5_endpoints,first_failing_question,pod_status_observed,decisive_command,root_cause,fix_applied,minutes_taken
DEP-1041,,,,,,,,,,,
DEP-1042,,,,,,,,,,,
DEP-1043,,,,,,,,,,,
DEP-1044,,,,,,,,,,,
#,,,,,,,,,,,
# HOW TO FILL THIS IN,,,,,,,,,,,
# q1_scheduled : YES if the Pod has a node assigned (NODE column is not <none>),,,,,,,,,,,
# q2_pulled    : YES if a Normal Pulled event exists for the image,,,,,,,,,,,
# q3_started   : YES if a Normal Started event exists and the container ran,,,,,,,,,,,
# q4_ready     : YES if the READY column shows n/n,,,,,,,,,,,
# q5_endpoints : YES if the Service EndpointSlice lists at least one address,,,,,,,,,,,
# first_failing_question : the FIRST of q1-q5 that answered NO. This is the phase.,,,,,,,,,,,
# decisive_command : the one command that proved the root cause,,,,,,,,,,,
